code_product_id,name,val_price,product_size,status_activated,year_partition,month_partition,day_partition,peso_em_g
934,chocolate,6.79,100g,1,2024,09,25,100.0
935,chocolate,8.69,100g,1,2024,09,25,100.0
4144,panettone,39.9,450g,1,2024,09,25,450.0
95,biscoito,2.33,150g,1,2024,09,25,150.0
135,biscoito,5.59,120gr,1,2024,09,25,120.0
137,biscoito,0.0,126g,1,2024,09,25,126.0
162,achocolatado,7.15,200g,1,2024,09,25,200.0
177,suplemento,79.99,800g,0,2024,09,25,800.0
207,reção,26.59,1kg,1,2024,09,25,1000.0
269,bebida,6.99,230g,1,2024,09,25,230.0
276,cereal,6.59,230g,1,2024,09,25,230.0
393,fórmula,40.38,400g,1,2024,09,25,400.0
431,leite,6.99,340g,1,2024,09,25,340.0
445,leite,16.89,400g,1,2024,09,25,400.0
570,chocolate,49.49,400g,1,2024,09,25,400.0
611,receitas,49.99,160g,1,2024,09,25,160.0
612,panettone,34.82,400g,1,2024,09,25,400.0
613,panettone,34.82,400g,1,2024,09,25,400.0
616,fórmula,2.8,120g,1,2024,09,25,120.0
620,fórmula,4.48,120g,1,2024,09,25,120.0
621,fórmula,2.8,120g,1,2024,09,25,120.0
622,fórmula,2.8,120g,1,2024,09,25,120.0
663,bebida,148.09,15kg,1,2024,09,25,15000.0
669,bebida,126.59,15kg,1,2024,09,25,15000.0
740,fórmula,2.8,115g,1,2024,09,25,115.0
746,fórmula,7.13,170g,1,2024,09,25,170.0
748,fórmula,2.8,115g,1,2024,09,25,115.0
751,fórmula,9.09,170g,1,2024,09,25,170.0
779,chocolate,6.19,96g,1,2024,09,25,96.0
802,chocolate,7.19,90g,1,2024,09,25,90.0
810,chocolate,6.39,90g,0,2024,09,25,90.0
827,receitas,9.99,160g,1,2024,09,25,160.0
936,chocolate,10.29,100g,1,2024,09,25,100.0
937,chocolate,5.65,100g,1,2024,09,25,100.0
941,chocolate,3.83,100g,1,2024,09,25,100.0
956,chocolate,11.86,300g,1,2024,09,25,300.0
960,chocolate,12.41,266g,1,2024,09,25,266.0
981,chocolate,11.63,300g,1,2024,09,25,300.0
997,chocolate,6.39,41.5g,1,2024,09,25,41.5
1006,chocolate,3.39,41.5g,1,2024,09,25,41.5
1048,chocolate,40.19,500g,1,2024,09,25,500.0
1049,chocolate,40.34,500g,1,2024,09,25,500.0
1080,panettone,12.89,400g,1,2024,09,25,400.0
1086,panettone,27.39,400g,1,2024,09,25,400.0
1163,ração,9.99,87g,1,2024,09,25,87.0
1184,receitas,39.99,172g,1,2024,09,25,172.0
2657,snack,11.36,65g,1,2024,09,25,65.0
2663,snack,11.72,65g,1,2024,09,25,65.0
3033,fórmula,2.8,120g,1,2024,09,25,120.0
3035,fórmula,2.8,115g,1,2024,09,25,115.0
3096,leite,31.99,800gr,1,2024,09,25,800.0
3097,bebida,56.68,3kg,1,2024,09,25,3000.0
3098,fórmula,2.8,115gr,1,2024,09,25,115.0
3109,achocolatado,8.69,200g,1,2024,09,25,200.0
3299,receitas,94.83,2.54Kg,1,2024,09,25,2540.0
3426,achocolatado,12.99,23g,1,2024,09,25,23.0
3569,leite,21.68,1kg,1,2024,09,25,1000.0
3571,receitas,30.78,1kg,1,2024,09,25,1000.0
3573,leite,35.45,1kg,1,2024,09,25,1000.0
3660,ração,108.39,2kg,1,2024,09,25,2000.0
3664,ração,313.09,7.5kg,1,2024,09,25,7500.0
3666,ração,93.89,2kg,1,2024,09,25,2000.0
3674,ração,88.79,1.5kg,1,2024,09,25,1500.0
3687,ração,0.0,1kg,1,2024,09,25,1000.0
5640,ração,58.57,3kg,1,2024,09,25,3000.0
5828,receitas,27.3,187g,1,2024,09,25,187.0
5840,café,0.0,750g,1,2024,09,25,750.0
5495,café,11.79,120g,1,2024,09,25,120.0
3844,café,28.19,90g,1,2024,09,25,90.0
3842,chocolate,0.0,60g,1,2024,09,25,60.0
3205,cereal,20.29,270g,1,2024,09,25,270.0
128,biscoito,2.59,130g,1,2024,09,25,130.0
633,café,16.49,200g,1,2024,09,25,200.0
1056,chocolate,4.85,24g,1,2024,09,25,24.0
1055,chocolate,4.85,24g,1,2024,09,25,24.0
3589,reção,136.26,15kg,1,2024,09,25,15000.0
5822,receitas,25.99,186g,1,2024,09,25,186.0
3099,fórmula,5.01,170gr,1,2024,09,25,170.0
3032,fórmula,3.05,120g,1,2024,09,25,120.0
5823,receitas,19.29,200g,1,2024,09,25,200.0
3447,biscoito,0.6,40gr,1,2024,09,25,40.0
4343,chocolate,0.0,1.01kg,1,2024,09,25,1010.0
4342,achocolatado,0.0,2.4kg,1,2024,09,25,2400.0
4341,chocolate,0.0,1.01kg,1,2024,09,25,1010.0
4114,leite,0.0,395g,1,2024,09,25,395.0
3822,suplemento,0.0,400g,1,2024,09,25,400.0
3296,café,19.74,250g,1,2024,09,25,250.0
2998,receitas,39.99,160g,1,2024,09,25,160.0
133,biscoito,2.49,57g,1,2024,09,25,57.0
1076,achocolatado,8.69,200g,1,2024,09,25,200.0
139,biscoito,2.89,96g,1,2024,09,25,96.0
2666,suplemento,8.83,100g,1,2024,09,25,100.0
2664,receitas,14.59,100g,1,2024,09,25,100.0
4252,outlet,11.29,86g,1,2024,09,25,86.0
4251,outlet,6.49,86g,1,2024,09,25,86.0
4253,outlet,2.09,395g,1,2024,09,25,395.0
3640,outlet,0.0,23g,1,2024,09,25,23.0
5005,outlet,8.09,385g,1,2024,09,25,385.0
3637,outlet,0.0,100g,1,2024,09,25,100.0
4295,outlet,1.29,110g,1,2024,09,25,110.0
4201,outlet,2.09,90g,1,2024,09,25,90.0
3810,outlet,3.89,65g,1,2024,09,25,65.0
4296,outlet,1.29,110g,1,2024,09,25,110.0
3421,biscoito,0.0,130g,1,2024,09,25,130.0
3420,leite,0.0,260g,1,2024,09,25,260.0
4298,outlet,15.59,800g,1,2024,09,25,800.0
3458,outlet,17.29,750g,1,2024,09,25,750.0
3425,outlet,0.0,25g,1,2024,09,25,25.0
3315,outlet,0.69,110g,1,2024,09,25,110.0
3312,outlet,0.0,17g,1,2024,09,25,17.0
3313,outlet,0.0,195g,1,2024,09,25,195.0
5337,outlet,1.49,110g,1,2024,09,25,110.0
5336,outlet,4.99,50g,1,2024,09,25,50.0
4294,outlet,0.94,60g,1,2024,09,25,60.0
4250,outlet,16.19,100g,1,2024,09,25,100.0
4249,outlet,1.94,40g,1,2024,09,25,40.0
4200,outlet,4.29,220g,1,2024,09,25,220.0
4161,outlet,8.09,150g,1,2024,09,25,150.0
520,receitas,220.88,500g,1,2024,09,25,500.0
516,receitas,167.44,250g,1,2024,09,25,250.0
819,chocolate,3.19,90g,1,2024,09,25,90.0
817,chocolate,3.19,90g,1,2024,09,25,90.0
3202,cereal,18.49,300g,1,2024,09,25,300.0
1159,ração,9.99,60g,1,2024,09,25,60.0
120,cookie,1.79,60g,1,2024,09,25,60.0
1091,receitas,39.99,185g,1,2024,09,25,185.0
65,biscoito,3.39,130g,1,2024,09,25,130.0
64,biscoito,2.29,130g,1,2024,09,25,130.0
273,cereal,6.59,230g,1,2024,09,25,230.0
169,chocolate,6.84,85g,0,2024,09,25,85.0
395,fórmula,127.89,800g,1,2024,09,25,800.0
338,fórmula,51.39,800g,1,2024,09,25,800.0
337,suplemento,67.19,700g,1,2024,09,25,700.0
5835,receitas,46.99,204g,1,2024,09,25,204.0
6561,suplemento,34.19,400g,1,2024,09,25,400.0
5897,cereal,1.82,220g,1,2024,09,25,220.0
5887,receitas,46.99,204g,1,2024,09,25,204.0
5885,receitas,46.99,193g,1,2024,09,25,193.0
5665,cereal,18.79,330g,1,2024,09,25,330.0
5505,chocolate,19.99,195g,1,2024,09,25,195.0
5322,chocolate,"R$18,59",190g,1,2024,09,25,190.0
4822,cerel,24.99,200g,1,2024,09,25,200.0
4162,cereal,15.99,220g,1,2024,09,25,220.0
4146,panettone,24.99,450g,1,2024,09,25,450.0
4973,panettone,24.99,450g,1,2024,09,25,450.0
4143,panettone,24.99,450g,1,2024,09,25,450.0
4059,receitas,30.9,1.1kg,1,2024,09,25,1100.0
4051,ração,0.0,360g,1,2024,09,25,360.0
3911,chocolate,8.09,85g,1,2024,09,25,85.0
3839,chocolate,40.39,90g,1,2024,09,25,90.0
3788,cookie,3.29,60g,1,2024,09,25,60.0
3787,cookie,3.39,60g,1,2024,09,25,60.0
3751,biscoito,3.29,126g,1,2024,09,25,126.0
3668,ração,110.19,2kg,1,2024,09,25,2000.0
3585,ração,116.79,1.5kg,1,2024,09,25,1500.0
3584,ração,73.99,2kg,1,2024,09,25,2000.0
3570,snack,5.69,25g,1,2024,09,25,25.0
3346,biscoito,1.59,126g,1,2024,09,25,126.0
3344,cereal,18.79,330g,1,2024,09,25,330.0
3291,café,1.29,7g,1,2024,09,25,7.0
3251,receitas,12.79,215g,1,2024,09,25,215.0
3250,cereal,11.79,300g,1,2024,09,25,300.0
3249,receitas,12.79,215g,1,2024,09,25,215.0
3146,ração,3.39,85g,1,2024,09,25,85.0
3019,bebida,77.69,150g,1,2024,09,25,150.0
3000,receitas,49.99,350g,1,2024,09,25,350.0
2910,cereal,16.39,330g,1,2024,09,25,330.0
2691,suplemento,39.89,100g,1,2024,09,25,100.0
2688,snack,13.79,65g,1,2024,09,25,65.0
2686,snack,5.69,25g,1,2024,09,25,25.0
2682,snack,5.79,25g,1,2024,09,25,25.0
2681,snack,4.65,25g,1,2024,09,25,25.0
2665,cerel,20.97,100g,1,2024,09,25,100.0
2656,snack,22.17,25g,1,2024,09,25,25.0
2655,snack,7.69,25g,1,2024,09,25,25.0
2653,snack,7.39,25g,1,2024,09,25,25.0
2651,snack,11.72,65g,1,2024,09,25,65.0
1187,chocolate,3.59,90g,1,2024,09,25,90.0
1186,chocolate,7.19,85g,1,2024,09,25,85.0
1185,receitas,46.99,210g,1,2024,09,25,210.0
1180,receitas,42.99,196.5g,1,2024,09,25,196.5
1179,receitas,46.99,207g,1,2024,09,25,207.0
1178,receitas,46.99,227g,1,2024,09,25,227.0
1177,receitas,53.99,332g,1,2024,09,25,332.0
1176,receitas,53.99,337g,1,2024,09,25,337.0
1123,panettone,38.01,400g,1,2024,09,25,400.0
1094,receitas,53.99,350g,1,2024,09,25,350.0
1093,receitas,53.99,350g,1,2024,09,25,350.0
1079,chocolate,9.69,100g,1,2024,09,25,100.0
1077,chocolate,35.79,74g,1,2024,09,25,74.0
1073,cereal,24.19,325g,1,2024,09,25,325.0
1070,leite,8.29,405g,1,2024,09,25,405.0
1066,café,17.99,200g,1,2024,09,25,200.0
1046,receitas,49.99,160g,1,2024,09,25,160.0
1045,chocolate,19.99,90g,1,2024,09,25,90.0
1044,receitas,39.99,172g,1,2024,09,25,172.0
1043,chocolate,19.99,90g,1,2024,09,25,90.0
1033,café,17.19,90g,1,2024,09,25,90.0
1023,bebida,4.69,190g,1,2024,09,25,190.0
996,cookie,3.49,60g,1,2024,09,25,60.0
933,chocolate,9.09,100g,1,2024,09,25,100.0
855,suplemento,222.29,305g,1,2024,09,25,305.0
850,suplemento,224.99,341g,1,2024,09,25,341.0
838,receitas,3.99,40g,1,2024,09,25,40.0
837,receitas,3.99,40g,1,2024,09,25,40.0
836,receitas,3.99,40g,1,2024,09,25,40.0
834,receitas,31.19,1.1kg,1,2024,09,25,1100.0
833,cereal,13.99,150g,1,2024,09,25,150.0
832,cereal,14.59,150g,1,2024,09,25,150.0
830,cereal,16.59,23g,1,2024,09,25,23.0
829,receitas,9.99,160g,1,2024,09,25,160.0
821,chocolate,3.59,90g,1,2024,09,25,90.0
815,chocolate,3.19,90g,1,2024,09,25,90.0
814,chocolate,3.19,90g,1,2024,09,25,90.0
813,chocolate,3.19,90g,1,2024,09,25,90.0
812,chocolate,3.19,90g,1,2024,09,25,90.0
809,chocolate,7.19,90g,1,2024,09,25,90.0
808,chocolate,7.09,90g,1,2024,09,25,90.0
807,chocolate,7.49,90g,1,2024,09,25,90.0
806,chocolate,7.49,90g,1,2024,09,25,90.0
805,chocolate,7.49,90g,1,2024,09,25,90.0
804,chocolate,7.19,90g,1,2024,09,25,90.0
803,chocolate,7.19,90g,1,2024,09,25,90.0
801,chocolate,7.19,90g,1,2024,09,25,90.0
797,chocolate,7.69,90g,1,2024,09,25,90.0
796,chocolate,7.19,90g,1,2024,09,25,90.0
795,chocolate,3.59,90g,1,2024,09,25,90.0
794,chocolate,3.19,90g,1,2024,09,25,90.0
791,chocolate,3.59,90g,1,2024,09,25,90.0
790,chocolate,3.59,90g,1,2024,09,25,90.0
789,chocolate,3.59,90g,1,2024,09,25,90.0
788,chocolate,3.59,90g,1,2024,09,25,90.0
787,chocolate,3.59,90g,1,2024,09,25,90.0
786,chocolate,3.59,90g,1,2024,09,25,90.0
785,chocolate,6.79,85g,1,2024,09,25,85.0
784,chocolate,3.59,90g,1,2024,09,25,90.0
782,chocolate,3.19,90g,1,2024,09,25,90.0
781,chocolate,6.39,96g,1,2024,09,25,96.0
780,chocolate,3.19,90g,1,2024,09,25,90.0
778,chocolate,3.19,90g,1,2024,09,25,90.0
776,cereal,16.59,17g,1,2024,09,25,17.0
750,fórmula,9.09,170g,1,2024,09,25,170.0
749,fórmula,9.09,170g,1,2024,09,25,170.0
741,fórmula,10.89,170g,1,2024,09,25,170.0
737,fórmula,10.89,170g,1,2024,09,25,170.0
736,fórmula,5.16,170g,1,2024,09,25,170.0
717,snack,6.79,42g,1,2024,09,25,42.0
716,snack,6.79,42g,1,2024,09,25,42.0
687,sobremesa,14.09,365g,1,2024,09,25,365.0
681,receitas,80.39,2.54Kg,1,2024,09,25,2540.0
674,bebida,1.79,100g,1,2024,09,25,100.0
666,bebida,56.68,3kg,1,2024,09,25,3000.0
659,receitas,8.39,99g,1,2024,09,25,99.0
634,café,16.49,200g,1,2024,09,25,200.0
3104,fórmula,2.8,120gr,1,2024,09,25,120.0
628,fórmula,10.39,115g,1,2024,09,25,115.0
627,fórmula,10.39,115g,1,2024,09,25,115.0
626,fórmula,9.79,120g,1,2024,09,25,120.0
619,fórmula,4.66,120g,1,2024,09,25,120.0
584,leite,35.99,750g,1,2024,09,25,750.0
579,leite,28.89,750g,1,2024,09,25,750.0
575,café,7.69,180g,1,2024,09,25,180.0
569,chocolate,27.59,300g,1,2024,09,25,300.0
568,chocolate,24.99,300g,1,2024,09,25,300.0
564,achocolatado,7.69,180g,1,2024,09,25,180.0
559,café,16.19,200g,1,2024,09,25,200.0
555,receitas,10.39,99g,1,2024,09,25,99.0
553,fórmula,10.39,115g,1,2024,09,25,115.0
551,cereal,10.12,170g,1,2024,09,25,170.0
550,receitas,8.39,99g,1,2024,09,25,99.0
545,cereal,16.39,230g,1,2024,09,25,230.0
541,leite,13.99,175g,1,2024,09,25,175.0
538,achocolatado,8.79,200g,1,2024,09,25,200.0
536,receitas,17.59,400g,1,2024,09,25,400.0
531,chocolate,10.99,100g,1,2024,09,25,100.0
530,chocolate,9.99,100g,1,2024,09,25,100.0
529,chocolate,10.99,100g,1,2024,09,25,100.0
492,receitas,7.49,71g,1,2024,09,25,71.0
491,receitas,7.49,71g,1,2024,09,25,71.0
483,receitas,4.19,114g,1,2024,09,25,114.0
453,receitas,11.39,370g,1,2024,09,25,370.0
452,receitas,13.29,390g,1,2024,09,25,390.0
428,leite,11.69,395g,1,2024,09,25,395.0
410,chocolate,26.39,300g,1,2024,09,25,300.0
409,chocolate,27.59,300g,1,2024,09,25,300.0
408,chocolate,24.99,300g,1,2024,09,25,300.0
360,receitas,9.29,160g,1,2024,09,25,160.0
359,receitas,9.29,160g,1,2024,09,25,160.0
358,receitas,9.29,160g,1,2024,09,25,160.0
320,chocolate,20.29,500g,1,2024,09,25,500.0
315,chocolate,20.29,500g,1,2024,09,25,500.0
303,chocolate,174.19,2kg,1,2024,09,25,2000.0
300,chocolate,23.99,200g,1,2024,09,25,200.0
299,chocolate,72.99,2kg,1,2024,09,25,2000.0
295,chocolate,26.39,300g,1,2024,09,25,300.0
294,chocolate,22.49,500g,1,2024,09,25,500.0
293,chocolate,23.69,500g,1,2024,09,25,500.0
288,cereal,19.49,400g,1,2024,09,25,400.0
265,cereal,7.89,230g,1,2024,09,25,230.0
262,cereal,16.59,210g,1,2024,09,25,210.0
257,cereal,16.59,240g,1,2024,09,25,240.0
216,café,23.49,23g,1,2024,09,25,23.0
214,café,22.89,g,1,2024,09,25,0.0
211,café,23.49,86g,1,2024,09,25,86.0
182,suplemento,6.09,61g,1,2024,09,25,61.0
171,chocolate,4.09,85g,1,2024,09,25,85.0
158,chocolate,7.59,200g,1,2024,09,25,200.0
152,achocolatado,19.69,760g,1,2024,09,25,760.0
147,achocolatado,7.64,200g,1,2024,09,25,200.0
146,achocolatado,9.29,180g,1,2024,09,25,180.0
145,achocolatado,9.29,180g,1,2024,09,25,180.0
142,biscoito,2.59,130g,1,2024,09,25,130.0
141,biscoito,2.89,96g,1,2024,09,25,96.0
140,biscoito,2.49,57g,1,2024,09,25,57.0
136,biscoito,2.09,96gr,1,2024,09,25,96.0
132,leite,22.49,260g,1,2024,09,25,260.0
123,biscoito,4.49,110g,1,2024,09,25,110.0
111,biscoito,3.49,110g,1,2024,09,25,110.0
110,biscoito,3.49,110g,1,2024,09,25,110.0
107,biscoito,3.49,110g,1,2024,09,25,110.0
106,biscoito,3.49,110g,1,2024,09,25,110.0
104,biscoito,4.49,110g,1,2024,09,25,110.0
103,biscoito,4.49,110g,1,2024,09,25,110.0
99,biscoito,4.49,200g,1,2024,09,25,200.0
98,biscoito,4.09,160g,1,2024,09,25,160.0
97,biscoito,4.09,160g,1,2024,09,25,160.0
94,biscoito,2.39,150g,1,2024,09,25,150.0
83,biscoito,1.89,170g,1,2024,09,25,170.0
80,biscoito,0.39,126g,1,2024,09,25,126.0
78,biscoito,4.69,160g,1,2024,09,25,160.0
72,biscoito,2.39,160g,1,2024,09,25,160.0
70,biscoito,3.09,140g,1,2024,09,25,140.0
68,biscoito,1.59,140g,1,2024,09,25,140.0
67,biscoito,3.09,140g,1,2024,09,25,140.0
60,biscoito,3.09,140g,1,2024,09,25,140.0
58,biscoito,3.09,140g,1,2024,09,25,140.0
4145,panettone,24.99,450g,1,2024,09,25,450.0
5079,outlet,0.0,100g,1,2024,09,25,100.0
2727,receitas,220.88,g,1,2024,09,25,0.0
968,ração,328.19,7.5kg,1,2024,09,25,7500.0
3086,receitas,39.49,600g,1,2024,09,25,600.0
5836,receitas,46.99,212g,1,2024,09,25,212.0
5140,outlet,8.71,385g,1,2024,09,25,385.0
972,receitas,42.99,215g,1,2024,09,25,215.0
5837,receitas,42.99,207g,1,2024,09,25,207.0
5833,receitas,42.99,205g,1,2024,09,25,205.0
1092,receitas,42.99,185g,1,2024,09,25,185.0
3735,chocolate,8.09,85g,1,2024,09,25,85.0
3281,achocolatado,11.89,180g,1,2024,09,25,180.0
831,cereal,16.59,30g,1,2024,09,25,30.0
552,fórmula,10.39,115g,1,2024,09,25,115.0
863,café,29.89,160g,1,2024,09,25,160.0
747,fórmula,8.39,115g,1,2024,09,25,115.0
743,fórmula,8.39,115g,1,2024,09,25,115.0
614,fórmula,7.79,120g,1,2024,09,25,120.0
739,fórmula,8.39,115g,1,2024,09,25,115.0
735,fórmula,10.89,170g,1,2024,09,25,170.0
580,bebida,25.89,300g,1,2024,09,25,300.0
184,chocolate,8.09,64g,1,2024,09,25,64.0
3815,receitas,6.49,61g,1,2024,09,25,61.0
822,chocolate,7.09,75g,1,2024,09,25,75.0
2805,cookie,1.79,60g,1,2024,09,25,60.0
554,receitas,10.39,99g,1,2024,09,25,99.0
5748,suplemento,67.99,30g,1,2024,09,25,30.0
6432,chocolate,59.9,175g,1,2024,09,25,175.0
6182,café,0.0,135g,1,2024,09,25,135.0
5506,chocolate,0.89,16.5g,1,2024,09,25,16.5
5502,café,28.79,90g,1,2024,09,25,90.0
5479,café,29.89,194.4g,1,2024,09,25,194.39999389648438
6752,chocolate,169.9,200g,1,2024,09,25,200.0
6573,ração,59.49,1kg,1,2024,09,25,1000.0
6558,suplemento,184.19,3kg,1,2024,09,25,3000.0
6555,suplemento,125.39,2.5kg,1,2024,09,25,2500.0
6430,chocolate,44.9,125g,1,2024,09,25,125.0
6222,achocolatado,14.99,670g,1,2024,09,25,670.0
6121,ração,20.59,260g,1,2024,09,25,260.0
5886,chocolate,19.99,185.6g,1,2024,09,25,185.60000610351562
5860,ração,6.99,85g,1,2024,09,25,85.0
5859,ração,4.54,85g,1,2024,09,25,85.0
5858,ração,6.99,85g,1,2024,09,25,85.0
5857,ração,5.89,85g,1,2024,09,25,85.0
5854,farinha,10.39,160g,1,2024,09,25,160.0
5834,receitas,46.99,227g,1,2024,09,25,227.0
5676,café,15.49,150g,1,2024,09,25,150.0
5667,chocolate,1202.1,25kg,1,2024,09,25,25000.0
5508,biscoito,0.0,100g,1,2024,09,25,100.0
5483,leite,16.99,280g,1,2024,09,25,280.0
5482,fórmula,49.99,350g,1,2024,09,25,350.0
5472,chocolate,8.09,85g,1,2024,09,25,85.0
5344,leite,0.0,2kg,1,2024,09,25,2000.0
5343,leite,0.0,7.5kg,1,2024,09,25,7500.0
5342,leite,0.0,500g,1,2024,09,25,500.0
5329,outlet,9.39,13g,1,2024,09,25,13.0
5315,cereal,2.09,25g,1,2024,09,25,25.0
5211,outlet,1.49,110g,1,2024,09,25,110.0
4975,receitas,0.0,970gr,1,2024,09,25,970.0
4823,cereal,29.99,200g,1,2024,09,25,200.0
4340,receitas,0.0,5kg,1,2024,09,25,5000.0
4286,biscoito,2.79,100g,1,2024,09,25,100.0
4202,outlet,3.39,50g,1,2024,09,25,50.0
4140,chocolate,6.19,80g,1,2024,09,25,80.0
4126,chocolate,6.19,80g,1,2024,09,25,80.0
4053,ração,33.99,370g,1,2024,09,25,370.0
4049,chocolate,2.89,33g,1,2024,09,25,33.0
3975,receitas,204.49,g,1,2024,09,25,0.0
3970,receitas,136.53,g,1,2024,09,25,0.0
3915,biscoito,4.49,110g,1,2024,09,25,110.0
3901,receitas,7.09,395g,1,2024,09,25,395.0
3890,biscoito,2.79,100g,1,2024,09,25,100.0
3848,café,18.19,180g,1,2024,09,25,180.0
3845,café,18.39,13g,1,2024,09,25,13.0
3838,café,18.19,180g,1,2024,09,25,180.0
3823,leite,35.69,625g,1,2024,09,25,625.0
3821,leite,8.59,175g,1,2024,09,25,175.0
3820,receitas,0.99,19g,1,2024,09,25,19.0
3819,receitas,0.99,19g,1,2024,09,25,19.0
3816,receitas,6.49,61g,1,2024,09,25,61.0
3809,outlet,6.99,65g,1,2024,09,25,65.0
3739,chocolate,8.09,85g,1,2024,09,25,85.0
3733,receitas,105.89,3kg,1,2024,09,25,3000.0
3731,biscoito,2.79,100g,1,2024,09,25,100.0
3686,ração,0.0,85g,1,2024,09,25,85.0
3685,ração,143.59,2.5kg,1,2024,09,25,2500.0
3682,ração,184.19,3kg,1,2024,09,25,3000.0
3680,ração,59.49,1kg,1,2024,09,25,1000.0
3678,ração,81.29,1kg,1,2024,09,25,1000.0
3608,chocolate,3.79,41.5g,1,2024,09,25,41.5
3586,ração,0.0,3kg,1,2024,09,25,3000.0
3519,biscoito,3.09,126g,1,2024,09,25,126.0
3423,cereal,4.64,150g,1,2024,09,25,150.0
3374,bebida,65.49,150g,1,2024,09,25,150.0
3373,bebida,78.89,150g,1,2024,09,25,150.0
3342,cookie,3.69,60g,1,2024,09,25,60.0
3300,chocolate,6.42,75g,1,2024,09,25,75.0
3284,achocolatado,160.99,1.3kg,1,2024,09,25,1300.0
3282,achocolatado,11.89,180g,1,2024,09,25,180.0
3280,biscoito,2.79,100g,1,2024,09,25,100.0
3274,ração,0.0,1kg,1,2024,09,25,1000.0
3024,receitas,40.39,1.01kg,1,2024,09,25,1010.0
3020,bebida,79.89,150g,1,2024,09,25,150.0
2987,receitas,86.99,1.01kg,1,2024,09,25,1010.0
2690,snack,13.79,65g,1,2024,09,25,65.0
2689,snack,13.79,65g,1,2024,09,25,65.0
2684,snack,11.79,50g,1,2024,09,25,50.0
2683,snack,11.79,50g,1,2024,09,25,50.0
2671,chocolate,111.99,2.1kg,1,2024,09,25,2100.0
2669,chocolate,92.49,2.1kg,1,2024,09,25,2100.0
2667,chocolate,29.19,200g,1,2024,09,25,200.0
2659,chocolate,20.49,180g,1,2024,09,25,180.0
2658,snack,5.69,25g,1,2024,09,25,25.0
2654,snack,13.79,65g,1,2024,09,25,65.0
2652,snack,5.69,25g,1,2024,09,25,25.0
1158,ração,4.99,29g,1,2024,09,25,29.0
1102,receitas,42.99,185g,1,2024,09,25,185.0
1081,fórmula,3.49,29g,1,2024,09,25,29.0
1074,receitas,6.49,61g,1,2024,09,25,61.0
1068,ração,119.49,2.5kg,1,2024,09,25,2500.0
1047,ração,119.49,2.5kg,1,2024,09,25,2500.0
1032,achocolatado,3.69,140g,1,2024,09,25,140.0
1008,receitas,4.49,200g,1,2024,09,25,200.0
976,achocolatado,61.99,3kg,1,2024,09,25,3000.0
973,café,235.79,1.3kg,1,2024,09,25,1300.0
965,receitas,33.19,1.1kg,1,2024,09,25,1100.0
945,ração,312.69,7.5kg,1,2024,09,25,7500.0
942,receitas,14.09,1.01kg,1,2024,09,25,1010.0
938,café,249.65,1.3kg,1,2024,09,25,1300.0
924,ração,298.19,7.5kg,1,2024,09,25,7500.0
917,fórmula,120.19,400g,1,2024,09,25,400.0
908,café,148.89,1kg,1,2024,09,25,1000.0
851,suplemento,174.99,284g,1,2024,09,25,284.0
843,receitas,4.39,50g,1,2024,09,25,50.0
842,receitas,4.39,50g,1,2024,09,25,50.0
841,receitas,4.39,50g,1,2024,09,25,50.0
840,receitas,4.39,50g,1,2024,09,25,50.0
839,receitas,4.39,50g,1,2024,09,25,50.0
828,receitas,9.99,160g,1,2024,09,25,160.0
826,receitas,31.99,1.1kg,1,2024,09,25,1100.0
823,chocolate,7.09,75g,1,2024,09,25,75.0
820,chocolate,3.19,90g,1,2024,09,25,90.0
818,chocolate,3.19,90g,1,2024,09,25,90.0
811,chocolate,3.19,90g,1,2024,09,25,90.0
777,cereal,16.59,47g,1,2024,09,25,47.0
734,receitas,10.39,150g,1,2024,09,25,150.0
733,receitas,10.39,200g,1,2024,09,25,200.0
731,receitas,10.39,213g,1,2024,09,25,213.0
730,receitas,10.39,200g,1,2024,09,25,200.0
728,receitas,10.39,200g,1,2024,09,25,200.0
727,receitas,10.39,200g,1,2024,09,25,200.0
726,receitas,10.39,200g,1,2024,09,25,200.0
725,receitas,5.49,60g,1,2024,09,25,60.0
722,receitas,6.49,61g,1,2024,09,25,61.0
721,receitas,6.49,68g,1,2024,09,25,68.0
720,receitas,5.49,63g,1,2024,09,25,63.0
689,sobremesa,14.09,380g,1,2024,09,25,380.0
3090,chocolate,105.69,2.54kg,1,2024,09,25,2540.0
656,café,25.39,230g,1,2024,09,25,230.0
650,café,6.39,50g,1,2024,09,25,50.0
644,café,25.39,230g,1,2024,09,25,230.0
639,café,28.19,100g,1,2024,09,25,100.0
625,fórmula,9.79,120g,1,2024,09,25,120.0
624,fórmula,9.79,120g,1,2024,09,25,120.0
623,fórmula,9.79,120g,1,2024,09,25,120.0
617,fórmula,7.79,120g,1,2024,09,25,120.0
615,fórmula,7.79,120g,1,2024,09,25,120.0
586,fórmula,63.89,800g,1,2024,09,25,800.0
583,leite,20.29,380g,1,2024,09,25,380.0
560,café,17.79,150g,1,2024,09,25,150.0
556,receitas,10.39,99g,1,2024,09,25,99.0
543,bebida,24.89,280g,1,2024,09,25,280.0
542,fórmula,29.39,250g,1,2024,09,25,250.0
540,leite,29.39,250g,1,2024,09,25,250.0
3088,suplemento,42.89,600g,1,2024,09,25,600.0
527,receitas,172.02,500g,1,2024,09,25,500.0
517,receitas,143.38,250g,1,2024,09,25,250.0
496,receitas,8.19,85g,1,2024,09,25,85.0
495,receitas,4.39,50g,1,2024,09,25,50.0
494,receitas,8.19,85g,1,2024,09,25,85.0
487,receitas,2.09,35g,1,2024,09,25,35.0
486,receitas,2.09,35g,1,2024,09,25,35.0
485,receitas,2.09,35g,1,2024,09,25,35.0
484,receitas,2.49,57g,1,2024,09,25,57.0
482,receitas,2.49,57g,1,2024,09,25,57.0
481,receitas,4.19,114g,1,2024,09,25,114.0
480,receitas,2.49,57g,1,2024,09,25,57.0
479,receitas,4.19,114g,1,2024,09,25,114.0
478,receitas,2.49,57g,1,2024,09,25,57.0
477,receitas,5.29,152g,1,2024,09,25,152.0
475,receitas,4.19,114g,1,2024,09,25,114.0
474,receitas,2.49,57g,1,2024,09,25,57.0
473,receitas,2.49,57g,1,2024,09,25,57.0
472,receitas,2.49,57g,1,2024,09,25,57.0
471,receitas,4.19,114g,1,2024,09,25,114.0
470,receitas,2.49,57g,1,2024,09,25,57.0
469,receitas,5.29,152g,1,2024,09,25,152.0
468,receitas,4.19,114g,1,2024,09,25,114.0
467,receitas,2.49,57g,1,2024,09,25,57.0
466,receitas,4.19,114g,1,2024,09,25,114.0
461,receitas,209.99,g,1,2024,09,25,0.0
458,fórmula,20.29,280g,1,2024,09,25,280.0
447,leite,27.99,350g,1,2024,09,25,350.0
444,leite,22.79,350g,1,2024,09,25,350.0
411,chocolate,6.39,80g,1,2024,09,25,80.0
403,fórmula,30.79,400g,1,2024,09,25,400.0
387,fórmula,41.69,400g,1,2024,09,25,400.0
384,suplemento,43.59,60g,1,2024,09,25,60.0
3101,suplemento,46.89,50g,1,2024,09,25,50.0
377,farinha,19.59,400g,1,2024,09,25,400.0
372,farinha,35.39,780g,1,2024,09,25,780.0
356,receitas,6.49,61g,1,2024,09,25,61.0
323,chocolate,42.69,500g,1,2024,09,25,500.0
318,chocolate,44.99,500g,1,2024,09,25,500.0
317,chocolate,102.19,2.1kg,1,2024,09,25,2100.0
316,chocolate,23.59,500g,1,2024,09,25,500.0
314,chocolate,42.69,500g,1,2024,09,25,500.0
310,chocolate,8.59,114g,1,2024,09,25,114.0
305,chocolate,22.69,200g,1,2024,09,25,200.0
284,cereal,11.79,210g,1,2024,09,25,210.0
255,cereal,13.79,210g,1,2024,09,25,210.0
215,café,23.49,86g,1,2024,09,25,86.0
212,café,28.79,90g,1,2024,09,25,90.0
185,chocolate,8.39,64g,1,2024,09,25,64.0
183,chocolate,7.99,64g,1,2024,09,25,64.0
178,cereal,10.79,340g,1,2024,09,25,340.0
174,receitas,30.89,1.1kg,1,2024,09,25,1100.0
170,chocolate,8.29,85g,1,2024,09,25,85.0
167,chocolate,8.29,85g,1,2024,09,25,85.0
154,achocolatado,13.89,165g,1,2024,09,25,165.0
151,achocolatado,10.89,380g,1,2024,09,25,380.0
149,"\"achocolatado\"\"6.59\"",200g,1,,2024,09,25,1.0
148,achocolatado,10.99,600g,1,2024,09,25,600.0
143,achocolatado,1545.09,1.3kg,1,2024,09,25,1300.0
130,leite,20.29,380g,1,2024,09,25,380.0
127,biscoito,3.29,96g,1,2024,09,25,96.0
125,biscoito,0.39,126g,1,2024,09,25,126.0
124,biscoito,8.39,120g,1,2024,09,25,120.0
118,cookie,3.69,60g,1,2024,09,25,60.0
113,biscoito,8.39,109g,1,2024,09,25,109.0
86,biscoito,7.59,120g,1,2024,09,25,120.0
82,biscoito,1.89,170g,1,2024,09,25,170.0
61,biscoito,3.09,126g,1,2024,09,25,126.0
57,biscoito,3.09,126g,1,2024,09,25,126.0
793,chocolate,3.59,90g,1,2024,09,25,90.0
792,chocolate,3.59,90g,1,2024,09,25,90.0
824,receitas,8.19,120g,1,2024,09,25,120.0
400,fórmula,30.79,400g,1,2024,09,25,400.0
91,biscoito,3.29,130g,1,2024,09,25,130.0
719,cereal,10.99,230g,1,2024,09,25,230.0
281,cereal,19.89,400g,1,2024,09,25,400.0
6585,ração,0.0,1kg,1,2024,09,25,1000.0
4052,ração,33.99,370g,1,2024,09,25,370.0
3141,ração,4.29,85g,1,2024,09,25,85.0
723,receitas,6.49,78g,1,2024,09,25,78.0
399,fórmula,103.99,800g,1,2024,09,25,800.0
640,café,28.19,100g,1,2024,09,25,100.0
322,chocolate,80.09,2.1kg,1,2024,09,25,2100.0
3645,achocolatado,109.09,2.6Kg,1,2024,09,25,2600.0
3245,petisco,9.09,80g,1,2024,09,25,80.0
3130,petisco,7.79,45g,1,2024,09,25,45.0
3676,ração,312.89,7.5kg,1,2024,09,25,7500.0
380,ração,4.69,85g,1,2024,09,25,85.0
379,ração,4.59,85g,1,2024,09,25,85.0
724,receitas,5.49,68g,1,2024,09,25,68.0
3969,receitas,134.3,250g,1,2024,09,25,250.0
854,bebida,14.49,400g,1,2024,09,25,400.0
637,"\"café\",\"11.69\"",50g,1,,2024,09,25,1.0
3136,ração,6.59,85g,1,2024,09,25,85.0
1065,ração,125.69,2.5kg,1,2024,09,25,2500.0
940,ração,59.49,1kg,1,2024,09,25,1000.0
606,ração,82.89,2kg,1,2024,09,25,2000.0
1071,ração,381.69,15kg,1,2024,09,25,15000.0
3590,ração,362.39,15kg,1,2024,09,25,15000.0
1072,ração,233.09,7.5kg,1,2024,09,25,7500.0
609,ração,362.09,15kg,1,2024,09,25,15000.0
607,ração,179.79,6kg,1,2024,09,25,6000.0
599,ração,170.69,6kg,1,2024,09,25,6000.0
597,ração,171.39,6kg,1,2024,09,25,6000.0
5309,cereal,6.39,90g,1,2024,09,25,90.0
3829,cereal,16.69,230g,1,2024,09,25,230.0
3304,cereal,19.99,400g,1,2024,09,25,400.0
825,receitas,8.19,120g,1,2024,09,25,120.0
114,biscoito,8.39,109g,1,2024,09,25,109.0
604,ração,76.09,2kg,1,2024,09,25,2000.0
5641,ração,36.29,500g,1,2024,09,25,500.0
3116,ração,36.89,500g,1,2024,09,25,500.0
1162,ração,270.59,20kg,1,2024,09,25,20000.0
3103,ração,36.99,500g,1,2024,09,25,500.0
6338,suplemento,149.99,370g,1,2024,09,25,370.0
3143,ração,4.29,85g,1,2024,09,25,85.0
3142,ração,5.49,85g,1,2024,09,25,85.0
3690,ração,409.49,7.5kg,1,2024,09,25,7500.0
3621,ração,21.49,500g,1,2024,09,25,500.0
3647,ração,169.09,10.1kg,1,2024,09,25,10100.0
3619,ração,27.69,1kg,1,2024,09,25,1000.0
984,ração,21.09,500g,1,2024,09,25,500.0
5716,ração,0.0,10.1kg,1,2024,09,25,10100.0
3522,ração,4.29,85g,1,2024,09,25,85.0
3925,suplemento,129.99,400g,1,2024,09,25,400.0
3345,chocolate,3.09,22.5g,1,2024,09,25,22.5
69,biscoito,8.59,120g,1,2024,09,25,120.0
600,ração,78.99,2kg,1,2024,09,25,2000.0
5715,ração,0.0,10.1kg,1,2024,09,25,10100.0
3550,petisco,6.09,40g,1,2024,09,25,40.0
3652,petisco,6.69,45g,1,2024,09,25,45.0
1095,ração,120.49,10.1kg,1,2024,09,25,10100.0
3127,petisco,7.69,75g,1,2024,09,25,75.0
618,fórmula,4.62,120g,1,2024,09,25,120.0
3683,ração,34.19,400g,1,2024,09,25,400.0
213,café,28.79,90g,1,2024,09,25,90.0
5488,café,5.39,50g,1,2024,09,25,50.0
561,café,24.69,160g,1,2024,09,25,160.0
970,cereal,13.29,270g,1,2024,09,25,270.0
646,café,17.49,100g,1,2024,09,25,100.0
567,receitas,19.19,350g,1,2024,09,25,350.0
5947,café,23.99,80g,1,2024,09,25,80.0
729,receitas,10.39,150g,1,2024,09,25,150.0
173,receitas,9.59,120g,1,2024,09,25,120.0
6564,suplemento,125.69,2.5kg,1,2024,09,25,2500.0
929,ração,202.69,10.1kg,1,2024,09,25,10100.0
6490,achocolatado,29.99,770g,1,2024,09,25,770.0
3050,cereal,21.79,540g,1,2024,09,25,540.0
775,suplemento,81.39,400g,1,2024,09,25,400.0
383,suplemento,130.89,300g,1,2024,09,25,300.0
3677,ração,312.89,7.5kg,1,2024,09,25,7500.0
3132,ração,6.29,85g,1,2024,09,25,85.0
641,café,17.49,100g,1,2024,09,25,100.0
4121,chocolate,7.39,80g,1,2024,09,25,80.0
5470,chocolate,3.99,38g,1,2024,09,25,38.0
5318,cereal,20.49,360g,1,2024,09,25,360.0
4139,chocolate,7.39,80g,1,2024,09,25,80.0
4138,chocolate,7.39,80g,1,2024,09,25,80.0
4119,chocolate,6.69,80g,1,2024,09,25,80.0
4118,chocolate,6.69,80g,1,2024,09,25,80.0
4060,receitas,0.0,1.1kg,1,2024,09,25,1100.0
3827,achocolatado,7.29,335g,1,2024,09,25,335.0
3684,ração,125.69,2.5kg,1,2024,09,25,2500.0
3518,receitas,6.49,63g,1,2024,09,25,63.0
2670,chocolate,68.69,1kg,1,2024,09,25,1000.0
2661,chocolate,98.89,2.1kg,1,2024,09,25,2100.0
2660,chocolate,62.99,1kg,1,2024,09,25,1000.0
1157,cereal,11.99,200g,1,2024,09,25,200.0
1062,ração,67.99,1kg,1,2024,09,25,1000.0
1050,leite,8.89,175g,1,2024,09,25,175.0
1002,ração,140.49,7.5kg,1,2024,09,25,7500.0
1034,achocolatado,6.09,175g,1,2024,09,25,175.0
732,receitas,10.39,200g,1,2024,09,25,200.0
648,café,27.69,230g,1,2024,09,25,230.0
635,café,25.29,90g,1,2024,09,25,90.0
2997,chocolate,8.69,85g,1,2024,09,25,85.0
168,chocolate,8.69,85g,1,2024,09,25,85.0
59,biscoito,3.09,126mg,1,2024,09,25,0.126
652,café,25.29,90g,1,2024,09,25,90.0
651,café,25.29,90g,1,2024,09,25,90.0
6180,café,0.0,117.5g,1,2024,09,25,117.5
6177,café,0.0,63g,1,2024,09,25,63.0
6176,chocolate,0.0,128g,1,2024,09,25,128.0
6175,café,16.69,99.5g,1,2024,09,25,99.5
6173,café,0.0,75g,1,2024,09,25,75.0
6172,café,0.0,70g,1,2024,09,25,70.0
6686,café,23.9,caps131g,1,2024,09,25,131.0
3618,ração,2.57,100g,1,2024,09,25,100.0
3123,ração,2.89,100g,1,2024,09,25,100.0
283,cereal,29.99,770g,1,2024,09,25,770.0
5954,bebida,23.99,60g,1,2024,09,25,60.0
5775,café,21.49,53g,1,2024,09,25,53.0
5769,café,21.49,53g,1,2024,09,25,53.0
5768,café,21.49,52g,1,2024,09,25,52.0
5767,café,21.,54g,1,2024,09,25,54.0
5766,café,21.49,55g,1,2024,09,25,55.0
642,café,21.99,160g,1,2024,09,25,160.0
5946,café,23.99,170g,1,2024,09,25,170.0
3728,fórmula,230.09,g,1,2024,09,25,0.0
764,suplemento,81.39,400g,1,2024,09,25,400.0
6163,cookie,10.19,120g,1,2024,09,25,120.0
3825,cookie,3.89,60g,1,2024,09,25,60.0
971,leite,71.89,2.6kg,1,2024,09,25,2600.0
798,chocolate,8.19,75g,1,2024,09,25,75.0
2807,chocolate,3.39,32g,1,2024,09,25,32.0
441,fórmula,53.59,800g,1,2024,09,25,800.0
4481,snack,5.69,25g,1,2024,09,25,25.0
116,biscoito,7.19,80g,1,2024,09,25,80.0
696,suplemento,31.29,190g,1,2024,09,25,190.0
3302,cookie,4.49,78g,1,2024,09,25,78.0
5662,chocolate,5.89,85g,1,2024,09,25,85.0
3049,leite,9.09,395g,1,2024,09,25,395.0
816,chocolate,3.19,90g,1,2024,09,25,90.0
783,chocolate,3.59,90g,1,2024,09,25,90.0
5669,biscoito,4.49,110g,1,2024,09,25,110.0
688,sobremesa,16.19,385g,1,2024,09,25,385.0
112,biscoito,4.49,200g,1,2024,09,25,200.0
256,cereal,6.39,120g,1,2024,09,25,120.0
3253,biscoito,4.49,110g,1,2024,09,25,110.0
1022,achocolatado,9.29,370g,1,2024,09,25,370.0
397,fórmula,62.69,400g,1,2024,09,25,400.0
102,biscoito,4.69,200g,1,2024,09,25,200.0
684,receitas,86.99,1.01kg,1,2024,09,25,1010.0
326,chocolate,43.69,1kg,1,2024,09,25,1000.0
206,biscoito,33.99,1kg,1,2024,09,25,1000.0
85,biscoito,4.99,150g,1,2024,09,25,150.0
653,café,17.49,100g,1,2024,09,25,100.0
4141,chocolate,6.19,80g,1,2024,09,25,80.0
2662,chocolate,64.99,1kg,1,2024,09,25,1000.0
3139,ração,6.39,85g,1,2024,09,25,85.0
3138,ração,6.29,85g,1,2024,09,25,85.0
3137,ração,6.69,85g,1,2024,09,25,85.0
3135,ração,11.49,85g,1,2024,09,25,85.0
3134,ração,8.49,85g,1,2024,09,25,85.0
3133,ração,5.79,85g,1,2024,09,25,85.0
5895,petisco,15.69,119g,1,2024,09,25,119.0
3341,petisco,12.79,105g,1,2024,09,25,105.0
3113,ração,33.39,700g,1,2024,09,25,700.0
3112,ração,3.69,700g,1,2024,09,25,700.0
608,ração,39.79,700g,1,2024,09,25,700.0
603,ração,76.49,2kg,1,2024,09,25,2000.0
596,ração,76.89,2kg,1,2024,09,25,2000.0
3846,café,18.19,180g,1,2024,09,25,180.0
77,biscoito,4.89,160g,1,2024,09,25,160.0
585,leite,32.39,750g,1,2024,09,25,750.0
664,ração,26.79,1kg,1,2024,09,25,1000.0
6252,cereal,11.99,200g,1,2024,09,25,200.0
3648,ração,30.29,1kg,1,2024,09,25,1000.0
549,fórmula,92.79,800g,1,2024,09,25,800.0
6582,ração,298.19,7.5kg,1,2024,09,25,7500.0
6579,ração,284.59,7.5kg,1,2024,09,25,7500.0
3681,ração,59.49,1kg,1,2024,09,25,1000.0
985,bebida,527.1,15kg,1,2024,09,25,15000.0
647,café,21.99,160g,1,2024,09,25,160.0
3022,receitas,11.29,240g,1,2024,09,25,240.0
772,suplemento,91.29,370g,1,2024,09,25,370.0
381,suplemento,129.99,260g,1,2024,09,25,260.0
290,cereal,21.99,620g,1,2024,09,25,620.0
6540,achocolatado,9.29,370g,1,2024,09,25,370.0
5675,café,0.0,250g,1,2024,09,25,250.0
638,café,26.99,100g,1,2024,09,25,100.0
4167,chocolate,0.0,1kg,1,2024,09,25,1000.0
6210,café,107.96,222g,1,2024,09,25,222.0
3520,suplemento,80.09,125g,1,2024,09,25,125.0
6162,cookie,10.19,120g,1,2024,09,25,120.0
3635,biscoito,8.59,103g,1,2024,09,25,103.0
3131,ração,25.69,1kg,1,2024,09,25,1000.0
3125,biscoito,23.29,500g,1,2024,09,25,500.0
953,ração,66.29,3kg,1,2024,09,25,3000.0
5469,chocolate,3.49,25g,1,2024,09,25,25.0
4131,chocolate,6.69,80g,1,2024,09,25,80.0
4128,chocolate,6.69,80g,1,2024,09,25,80.0
311,chocolate,3.39,33g,1,2024,09,25,33.0
995,cereal,21.59,580g,1,2024,09,25,580.0
378,farinha,26.99,600g,1,2024,09,25,600.0
3021,suplemento,12.99,370g,1,2024,09,25,370.0
157,achocolatado,20.19,600g,1,2024,09,25,600.0
76,biscoito,4.79,140g,1,2024,09,25,140.0
6749,chocolate,109.9,150g,1,2024,09,25,150.0
6746,chocolate,79.9,150g,1,2024,09,25,150.0
6178,café,19.99,80g,1,2024,09,25,80.0
6174,café,19.99,80g,1,2024,09,25,80.0
3277,cookie,4.49,78g,1,2024,09,25,78.0
3831,leite,18.59,380g,1,2024,09,25,380.0
2799,pastilha,1.59,17g,1,2024,09,25,17.0
101,biscoito,4.19,160g,1,2024,09,25,160.0
374,farinha,10.89,200g,1,2024,09,25,200.0
6376,leite,14.89,280g,1,2024,09,25,280.0
4123,chocolate,7.39,80g,1,2024,09,25,80.0
3832,leite,18.59,380g,1,2024,09,25,380.0
3824,leite,30.89,625g,1,2024,09,25,625.0
489,receitas,4.39,49g,1,2024,09,25,49.0
3496,cookie,3.89,60g,1,2024,09,25,60.0
119,cookie,3.79,60g,1,2024,09,25,60.0
74,biscoito,4.99,160g,1,2024,09,25,160.0
3118,ração,6.39,85g,1,2024,09,25,85.0
3117,ração,5.49,85g,1,2024,09,25,85.0
661,ração,5.49,85g,1,2024,09,25,85.0
660,ração,5.49,85g,1,2024,09,25,85.0
5712,ração,195.89,10.1kg,1,2024,09,25,10100.0
951,ração,214.59,15kg,1,2024,09,25,15000.0
920,ração,196.49,10.1kg,1,2024,09,25,10100.0
6415,chocolate,24.9,100g,1,2024,09,25,100.0
759,suplemento,146.99,75g,1,2024,09,25,75.0
2991,receitas,29.99,800g,1,2024,09,25,800.0
3089,suplemento,41.89,600g,1,2024,09,25,600.0
319,chocolate,64.29,500g,1,2024,09,25,500.0
963,café,125.19,500g,1,2024,09,25,500.0
155,achocolatado,87.79,1.3kg,1,2024,09,25,1300.0
6419,chocolate,24.9,100g,1,2024,09,25,100.0
6044,chocolate,4.09,34.6g,1,2024,09,25,34.599998474121094
4125,chocolate,7.39,80g,1,2024,09,25,80.0
3918,chocolate,8.19,85g,1,2024,09,25,85.0
3185,chocolate,8.19,85g,1,2024,09,25,85.0
312,chocolate,9.69,114g,1,2024,09,25,114.0
307,chocolate,4.19,41.5g,1,2024,09,25,41.5
306,chocolate,4.19,41.5g,1,2024,09,25,41.5
287,cereal,9.59,210g,1,2024,09,25,210.0
3830,cereal,10.39,230g,1,2024,09,25,230.0
3723,suplemento,57.89,400g,1,2024,09,25,400.0
1005,suplemento,75.99,170g,1,2024,09,25,170.0
5941,café,23.99,180g,1,2024,09,25,180.0
5651,chocolate,7.39,80g,1,2024,09,25,80.0
3186,chocolate,8.19,85g,1,2024,09,25,85.0
71,biscoito,4.69,140g,1,2024,09,25,140.0
304,chocolate,21.29,200g,1,2024,09,25,200.0
592,suplemento,8.49,40g,1,2024,09,25,40.0
308,chocolate,4.19,41.5g,1,2024,09,25,41.5
3812,leite,12.79,300g,1,2024,09,25,300.0
280,cereal,11.99,210g,1,2024,09,25,210.0
4292,ração,166.69,15kg,1,2024,09,25,15000.0
5894,ração,2.99,85g,1,2024,09,25,85.0
931,ração,162.89,10.1kg,1,2024,09,25,10100.0
958,ração,528.29,10.1kg,1,2024,09,25,10100.0
5884,ração,187.29,10.1kg,1,2024,09,25,10100.0
3159,ração,65.39,3kg,1,2024,09,25,3000.0
678,ração,30.39,1kg,1,2024,09,25,1000.0
3151,ração,30.29,1kg,1,2024,09,25,1000.0
679,ração,33.19,1kg,1,2024,09,25,1000.0
5473,chocolate,3.49,25g,1,2024,09,25,25.0
3749,chocolate,1.99,16g,1,2024,09,25,16.0
3051,cereal,11.99,190g,1,2024,09,25,190.0
676,ração,64.79,3kg,1,2024,09,25,3000.0
3653,ração,21.19,500g,1,2024,09,25,500.0
4166,receitas,70.39,Kg,1,2024,09,25,0.0
2803,chocolate,3.99,38g,1,2024,09,25,38.0
1035,suplemento,124.99,280g,1,2024,09,25,280.0
6440,café,26.99,51g,1,2024,09,25,51.0
220,café,23.39,250g,1,2024,09,25,250.0
6470,receitas,12.99,100g,1,2024,09,25,100.0
6469,receitas,12.99,100g,1,2024,09,25,100.0
6468,receitas,12.99,100g,1,2024,09,25,100.0
328,chocolate,48.39,1kg,1,2024,09,25,1000.0
3087,chocolate,79.99,kg,1,2024,09,25,0.0
321,chocolate,41.19,1kg,1,2024,09,25,1000.0
292,leite,43.59,1kg,1,2024,09,25,1000.0
144,achocolatado,29.69,1kg,1,2024,09,25,1000.0
420,receitas,86.99,kg,1,2024,09,25,0.0
6411,cereal,9.79,20g,1,2024,09,25,20.0
4335,ração,70.09,3kg,1,2024,09,25,3000.0
3338,ração,3.59,85g,1,2024,09,25,85.0
3148,ração,3.39,85g,1,2024,09,25,85.0
3150,petisco,8.39,40g,1,2024,09,25,40.0
3149,petisco,6.19,40g,1,2024,09,25,40.0
4048,chocolate,7.39,g,1,2024,09,25,0.0
2668,chocolate,57.59,1kg,1,2024,09,25,1000.0
289,bebida,24.69,600g,1,2024,09,25,600.0
6337,café,23.99,170g,1,2024,09,25,170.0
5753,café,26.99,100g,1,2024,09,25,100.0
5752,café,26.99,100g,1,2024,09,25,100.0
5487,café,4.79,40g,1,2024,09,25,40.0
649,café,23.59,200g,1,2024,09,25,200.0
5839,cereal,19.49,360g,1,2024,09,25,360.0
5304,cereal,11.99,170g,1,2024,09,25,170.0
376,farinha,9.89,210g,1,2024,09,25,210.0
291,cereal,6.69,120g,1,2024,09,25,120.0
258,cereal,6.89,120g,1,2024,09,25,120.0
160,achocolatado,12.79,550g,1,2024,09,25,550.0
6546,achocolatado,10.95,350g,1,2024,09,25,350.0
363,receitas,4.59,200g,1,2024,09,25,200.0
159,achocolatado,21.99,1.02kg,1,2024,09,25,1020.0
5653,farinha,8.49,180g,1,2024,09,25,180.0
3307,cereal,10.39,190g,1,2024,09,25,190.0
1082,farinha,22.59,500g,1,2024,09,25,500.0
433,leite,10.59,395g,1,2024,09,25,395.0
286,cereal,2.19,30g,1,2024,09,25,30.0
285,cereal,6.89,120g,1,2024,09,25,120.0
261,cereal,16.49,220g,1,2024,09,25,220.0
260,cereal,16.49,220g,1,2024,09,25,220.0
259,cereal,16.49,220g,1,2024,09,25,220.0
994,achocolatado,9.69,200g,1,2024,09,25,200.0
156,achocolatado,14.89,380g,1,2024,09,25,380.0
6096,achocolatado,12.89,180g,1,2024,09,25,180.0
5838,farinha,20.59,360g,1,2024,09,25,360.0
571,receitas,11.49,280g,1,2024,09,25,280.0
366,receitas,4.79,200g,1,2024,09,25,200.0
654,café,21.99,160g,1,2024,09,25,160.0
6467,receitas,12.99,100g,1,2024,09,25,100.0
3124,biscoito,16.19,300g,1,2024,09,25,300.0
6543,achocolatado,6.59,200g,1,2024,09,25,200.0
6095,achocolatado,12.89,180g,1,2024,09,25,180.0
557,receitas,8.39,99g,1,2024,09,25,99.0
375,farinha,22.69,380g,1,2024,09,25,380.0
172,chocolate,4.19,85g,1,2024,09,25,85.0
153,achocolatado,12.99,400g,1,2024,09,25,400.0
3497,cookie,3.49,60g,1,2024,09,25,60.0
129,biscoito,3.29,96g,1,2024,09,25,96.0
591,suplemento,8.49,40g,1,2024,09,25,40.0
3115,ração,37.79,500g,1,2024,09,25,500.0
1069,ração,34.19,400g,1,2024,09,25,400.0
602,ração,171.49,6kg,1,2024,09,25,6000.0
3114,ração,76.49,2kg,1,2024,09,25,2000.0
5953,bebida,23.99,60g,1,2024,09,25,60.0
5751,café,26.99,100g,1,2024,09,25,100.0
3841,café,17.39,180g,1,2024,09,25,180.0
655,café,25.69,200g,1,2024,09,25,200.0
643,café,25.69,200g,1,2024,09,25,200.0
636,café,20.59,300g,1,2024,09,25,300.0
,café,23.39,250g,1,2024,09,25,250.0
6331,café,26.29,100g,1,2024,09,25,100.0
223,café,27.59,250g,1,2024,09,25,250.0
547,snack,4.79,35g,1,2024,09,25,35.0
406,fórmula,188.19,400g,1,2024,09,25,400.0
5501,cereal,13.99,300g,1,2024,09,25,300.0
4482,snack,5.69,25g,1,2024,09,25,25.0
4017,leite,5.09,65g,1,2024,09,25,65.0
768,suplemento,91.29,370g,1,2024,09,25,370.0
601,ração,78.99,2kg,1,2024,09,25,2000.0
773,suplemento,166.19,740g,1,2024,09,25,740.0
770,suplemento,166.19,740g,1,2024,09,25,740.0
769,suplemento,166.19,740g,1,2024,09,25,740.0
765,suplemento,91.29,370g,1,2024,09,25,370.0
761,suplemento,35.79,350g,1,2024,09,25,350.0
758,suplemento,75.19,400g,1,2024,09,25,400.0
757,suplemento,72.79,400g,1,2024,09,25,400.0
756,suplemento,49.99,400g,1,2024,09,25,400.0
755,suplemento,49.99,400g,1,2024,09,25,400.0
754,suplemento,49.99,400g,1,2024,09,25,400.0
590,suplemento,166.19,740g,1,2024,09,25,740.0
210,chocolate,16.39,250g,1,2024,09,25,250.0
209,chocolate,16.39,251g,1,2024,09,25,251.0
7126,chocolate,7.99,90g,1,2024,09,25,90.0
7123,chocolate,7.99,90g,1,2024,09,25,90.0
1090,achocolatado,23.49,1.2kg,1,2024,09,25,1200.0
432,leite,7.89,395g,1,2024,09,25,395.0
429,leite,9.69,395g,1,2024,09,25,395.0
361,receitas,7.89,300g,1,2024,09,25,300.0
3624,ração,69.19,3kg,1,2024,09,25,3000.0
3612,ração,65.99,3kg,1,2024,09,25,3000.0
3588,ração,169.49,10.1kg,1,2024,09,25,10100.0
3153,ração,3.49,85g,1,2024,09,25,85.0
949,ração,126.89,10.1kg,1,2024,09,25,10100.0
948,ração,132.89,10.1kg,1,2024,09,25,10100.0
2800,chocolate,1.99,16g,1,2024,09,25,16.0
5652,chocolate,7.39,85g,1,2024,09,25,85.0
2673,chocolate,6.39,50g,1,2024,09,25,50.0
6125,biscoito,2.61,90g,1,2024,09,25,90.0
5494,cereal,14.79,360g,1,2024,09,25,360.0
3457,cookie,3.89,60g,1,2024,09,25,60.0
390,fórmula,69.49,800g,1,2024,09,25,800.0
90,biscoito,3.39,130g,1,2024,09,25,130.0
593,suplemento,182.89,740g,1,2024,09,25,740.0
5952,bebida,23.99,60g,1,2024,09,25,60.0
5951,café,23.99,135g,1,2024,09,25,135.0
5949,café,19.99,90g,1,2024,09,25,90.0
5945,café,19.99,110g,1,2024,09,25,110.0
5944,café,19.99,112.5g,1,2024,09,25,112.5
5942,café,19.99,70g,1,2024,09,25,70.0
5940,café,19.99,80g,1,2024,09,25,80.0
562,café,17.19,250g,1,2024,09,25,250.0
222,café,27.59,250g,1,2024,09,25,250.0
218,café,27.59,250g,1,2024,09,25,250.0
5663,chocolate,7.39,85g,1,2024,09,25,85.0
5658,chocolate,7.39,85g,1,2024,09,25,85.0
5471,chocolate,1.99,16g,1,2024,09,25,16.0
4788,chocolate,3.49,25g,1,2024,09,25,25.0
4137,chocolate,6.69,80g,1,2024,09,25,80.0
4136,chocolate,6.69,80g,1,2024,09,25,80.0
4135,chocolate,6.69,80g,1,2024,09,25,80.0
4124,chocolate,7.39,80g,1,2024,09,25,80.0
2802,chocolate,1.99,16g,1,2024,09,25,16.0
944,chocolate,3.09,25g,1,2024,09,25,25.0
800,chocolate,5.39,25g,1,2024,09,25,25.0
799,chocolate,8.19,75g,1,2024,09,25,75.0
208,chocolate,23.39,195g,1,2024,09,25,195.0
4821,pastilha,1.59,17g,1,2024,09,25,17.0
3887,biscoito,3.99,150g,1,2024,09,25,150.0
3252,biscoito,4.89,160g,1,2024,09,25,160.0
87,biscoito,3.99,150g,1,2024,09,25,150.0
79,biscoito,4.89,160g,1,2024,09,25,160.0
73,biscoito,4.89,160g,1,2024,09,25,160.0
66a83,cereal,12.99,100g,1,2024,09,25,100.0
6161,cookie,10.19,120g,1,2024,09,25,120.0
5655,snack,4.79,35g,1,2024,09,25,35.0
5463,biscoito,8.99,130g,1,2024,09,25,130.0
3826,cookie,3.89,60g,1,2024,09,25,60.0
3026,fórmula,93.79,1.2kg,1,2024,09,25,1200.0
916,snack,4.79,35g,1,2024,09,25,35.0
835,receitas,4.39,49g,1,2024,09,25,49.0
578,suplemento,34.69,750g,1,2024,09,25,750.0
92,biscoito,3.39,130g,1,2024,09,25,130.0
66,biscoito,4.69,140g,1,2024,09,25,140.0
63,biscoito,4.69,140g,1,2024,09,25,140.0
4291,cereal,28.99,800g,1,2024,09,25,800.0
3892,farinha,15.99,380g,1,2024,09,25,380.0
430,leite,10.59,410g,1,2024,09,25,410.0
852,bebida,7.69,210g,1,2024,09,25,210.0
6224,achocolatado,23.99,180g,1,2024,09,25,180.0
6810,café,25.84,100g,1,2024,09,25,100.0
6329,café,7.69,40g,1,2024,09,25,40.0
6328,café,7.69,40g,1,2024,09,25,40.0
6327,café,7.69,40g,1,2024,09,25,40.0
5486,café,5.19,40g,1,2024,09,25,40.0
227,café,32.39,250g,1,2024,09,25,250.0
3095,café,32.39,250g,1,2024,09,25,250.0
225,café,32.39,250g,1,2024,09,25,250.0
224,café,32.39,250g,1,2024,09,25,250.0
3085,leite,27.99,500g,1,2024,09,25,500.0
3102,receitas,44.09,1kg,1,2024,09,25,1000.0
150,achocolatado,40.99,2kg,1,2024,09,25,2000.0
4974,receitas,0.0,980gr,1,2024,09,25,980.0
4061,chocolate,0.0,1kg,1,2024,09,25,1000.0
3107,receitas,30.99,1.01kg,1,2024,09,25,1010.0
979,receitas,93.09,2.4kg,1,2024,09,25,2400.0
975,receitas,107.49,kg,1,2024,09,25,0.0
969,receitas,14.29,1.01kg,1,2024,09,25,1010.0
686,receitas,102.69,2.6kg,1,2024,09,25,2600.0
682,receitas,101.39,2.54kg,1,2024,09,25,2540.0
537,chocolate,93.79,2.57kg,1,2024,09,25,2570.0
533,receitas,44.29,500g,1,2024,09,25,500.0
357,receitas,29.59,1kg,1,2024,09,25,1000.0
329,chocolate,78.19,kg,1,2024,09,25,0.0
325,chocolate,86.29,2.1kg,1,2024,09,25,2100.0
5688,ração,0.0,1kg,1,2024,09,25,1000.0
4337,ração,21.89,1kg,1,2024,09,25,1000.0
4336,ração,71.19,3kg,1,2024,09,25,3000.0
3620,ração,218.19,15kg,1,2024,09,25,15000.0
3587,ração,218.69,15kg,1,2024,09,25,15000.0
673,ração,3.79,100g,1,2024,09,25,100.0
1025,suplemento,139.39,360g,1,2024,09,25,360.0
7147,chocolate,9.39,150g,1,2024,09,25,150.0
7144,chocolate,8.19,75g,1,2024,09,25,75.0
7141,chocolate,8.19,75g,1,2024,09,25,75.0
7138,chocolate,6.69,80g,1,2024,09,25,80.0
5883,ração,185.89,18kg,1,2024,09,25,18000.0
3623,ração,69.59,3kg,1,2024,09,25,3000.0
3395,ração,202.69,10.1kg,1,2024,09,25,10100.0
3156,petisco,6.69,45g,1,2024,09,25,45.0
3154,petisco,8.29,65g,1,2024,09,25,65.0
3140,ração,4.39,85g,1,2024,09,25,85.0
6576,ração,368.49,15kg,1,2024,09,25,15000.0
5856,ração,7.09,100g,1,2024,09,25,100.0
3120,ração,6.39,85g,1,2024,09,25,85.0
3119,ração,18.99,85g,1,2024,09,25,85.0
974,ração,58.79,1kg,1,2024,09,25,1000.0
598,ração,78.89,2kg,1,2024,09,25,2000.0
3611,ração,160.69,10.1kg,1,2024,09,25,10100.0
3527,ração,169.09,10.1kg,1,2024,09,25,10100.0
952,ração,208.99,15kg,1,2024,09,25,15000.0
5855,ração,3.39,100g,1,2024,09,25,100.0
3128,petisco,7.59,75g,1,2024,09,25,75.0
3122,ração,3.49,100g,1,2024,09,25,100.0
3121,ração,3.49,100g,1,2024,09,25,100.0
671,ração,3.49,100g,1,2024,09,25,100.0
3093,ração,4.09,100g,1,2024,09,25,100.0
668,ração,3.49,100g,1,2024,09,25,100.0
662,ração,4.29,85g,1,2024,09,25,85.0
631,petisco,25.99,196g,1,2024,09,25,196.0
3725,suplemento,106.49,200g,1,2024,09,25,200.0
7150,bebida,7.49,170g,1,2024,09,25,170.0
5687,leite,2.8,170g,1,2024,09,25,170.0
3800,leite,3.79,170g,1,2024,09,25,170.0
3799,leite,3.79,170g,1,2024,09,25,170.0
302,chocolate,32.89,200g,1,2024,09,25,200.0
6043,chocolate,4.09,34.6g,1,2024,09,25,34.599998474121094
5035,biscoito,4.49,170g,1,2024,09,25,170.0
3920,biscoito,4.59,110g,1,2024,09,25,110.0
33¢03,biscoito,2.19,57g,1,2024,09,25,57.0
131,biscoito,1.09,20g,1,2024,09,25,20.0
126,biscoito,4.69,200g,1,2024,09,25,200.0
122,cookie,3.79,60g,1,2024,09,25,60.0
115,biscoito,4.59,110g,1,2024,09,25,110.0
109,biscoito,4.59,110g,1,2024,09,25,110.0
108,biscoito,4.59,110g,1,2024,09,25,110.0
89,biscoito,3.29,130g,1,2024,09,25,130.0
88,biscoito,1.09,20g,1,2024,09,25,20.0
75,biscoito,4.99,140g,1,2024,09,25,140.0
62,biscoito,8.99,130g,1,2024,09,25,130.0
6479,chocolate,1.99,16g,1,2024,09,25,16.0
5492,cereal,14.79,360g,1,2024,09,25,360.0
5490,cereal,8.39,180g,1,2024,09,25,180.0
5474,chocolate,8.59,85g,1,2024,09,25,85.0
5468,chocolate,3.39,33g,1,2024,09,25,33.0
4134,chocolate,6.69,80g,1,2024,09,25,80.0
4127,chocolate,6.69,80g,1,2024,09,25,80.0
3761,chocolate,3.39,28g,1,2024,09,25,28.0
3750,chocolate,1.99,16g,1,2024,09,25,16.0
3734,chocolate,8.19,85g,1,2024,09,25,85.0
3553,chocolate,3.49,25g,1,2024,09,25,25.0
3343,chocolate,3.49,25g,1,2024,09,25,25.0
3305,chocolate,9.89,150g,1,2024,09,25,150.0
3301,chocolate,9.89,150g,1,2024,09,25,150.0
3187,chocolate,8.19,85g,1,2024,09,25,85.0
2804,chocolate,3.39,33g,1,2024,09,25,33.0
753,chocolate,7.39,80g,1,2024,09,25,80.0
582,leite,34.69,750g,1,2024,09,25,750.0
577,suplemento,19.49,380g,1,2024,09,25,380.0
574,fórmula,62.89,800g,1,2024,09,25,800.0
394,fórmula,76.29,400g,1,2024,09,25,400.0
388,fórmula,40.99,400g,1,2024,09,25,400.0
313,chocolate,7.39,80g,1,2024,09,25,80.0
301,chocolate,20.19,200g,1,2024,09,25,200.0
298,chocolate,4.99,25g,1,2024,09,25,25.0
275,cereal,19.39,400g,1,2024,09,25,400.0
271,cereal,9.99,180g,1,2024,09,25,180.0
6528,panettone,35.99,500g,1,2024,09,25,500.0
6525,panettone,35.99,500g,1,2024,09,25,500.0
6522,panettone,35.99,500g,1,2024,09,25,500.0
6519,panettone,35.99,500g,1,2024,09,25,500.0
6431,chocolate,44.9,125g,1,2024,09,25,125.0
6420,chocolate,24.9,100g,1,2024,09,25,100.0
6418,chocolate,24.9,100g,1,2024,09,25,100.0
6416,chocolate,24.9,100g,1,2024,09,25,100.0
6414,chocolate,24.9,100g,1,2024,09,25,100.0
6597,cereal,13.29,270g,1,2024,09,25,270.0
6570,ração,352.39,15kg,1,2024,09,25,15000.0
3339,ração,3.39,100g,1,2024,09,25,100.0
3161,ração,25.29,1kg,1,2024,09,25,1000.0
3160,ração,58.99,2kg,1,2024,09,25,2000.0
3158,ração,60.89,3kg,1,2024,09,25,3000.0
3155,petisco,6.69,65g,1,2024,09,25,65.0
3147,ração,3.79,85g,1,2024,09,25,85.0
3145,ração,4.09,85g,1,2024,09,25,85.0
3144,ração,3.59,85g,1,2024,09,25,85.0
3126,biscoito,20.39,500g,1,2024,09,25,500.0
919,petisco,12.99,42g,1,2024,09,25,42.0
680,ração,3.59,85g,1,2024,09,25,85.0
675,ração,186.99,10.1kg,1,2024,09,25,10100.0
3108,ração,3.49,100g,1,2024,09,25,100.0
589,suplemento,105.99,380g,1,2024,09,25,380.0
6045,fórmula,219.99,400g,1,2024,09,25,400.0
5464,fórmula,190.39,400g,1,2024,09,25,400.0
5650,café,4.79,40g,1,2024,09,25,40.0
5950,café,23.99,150g,1,2024,09,25,150.0
5948,café,19.99,100g,1,2024,09,25,100.0
4303,café,19.99,172g,1,2024,09,25,172.0
3840,café,17.39,180g,1,2024,09,25,180.0
219,café,23.39,250g,1,2024,09,25,250.0
5689,ração,30.79,1kg,1,2024,09,25,1000.0
3622,ração,30.59,1kg,1,2024,09,25,1000.0
3157,ração,30.89,1kg,1,2024,09,25,1000.0
3152,ração,3.69,85g,1,2024,09,25,85.0
1001,ração,21.69,1kg,1,2024,09,25,1000.0
957,ração,373.09,18kg,1,2024,09,25,18000.0
954,ração,28.49,1kg,1,2024,09,25,1000.0
950,ração,224.49,15kg,1,2024,09,25,15000.0
677,ração,70.09,3kg,1,2024,09,25,3000.0
5915,suplemento,61.99,400g,1,2024,09,25,400.0
1004,suplemento,182.89,740g,1,2024,09,25,740.0
7135,chocolate,9.39,150g,1,2024,09,25,150.0
3717,cereal,5.99,170g,1,2024,09,25,170.0
436,leite,29.59,500g,1,2024,09,25,500.0
179,cereal,5.99,170g,1,2024,09,25,170.0
274,cereal,19.39,400g,1,2024,09,25,400.0
266,cereal,19.39,400g,1,2024,09,25,400.0
442,suplemento,29.99,400g,1,2024,09,25,400.0
6128,biscoito,2.61,90g,1,2024,09,25,90.0
6127,biscoito,2.61,90g,1,2024,09,25,90.0
6126,biscoito,2.61,90g,1,2024,09,25,90.0
5493,cereal,13.99,300g,1,2024,09,25,300.0
3634,biscoito,8.59,109g,1,2024,09,25,109.0
3456,cookie,3.89,60g,1,2024,09,25,60.0
490,receitas,4.39,49g,1,2024,09,25,49.0
488,receitas,4.39,49g,1,2024,09,25,49.0
121,cookie,3.79,60g,1,2024,09,25,60.0
117,cookie,3.89,60g,1,2024,09,25,60.0
96,biscoito,4.69,140g,1,2024,09,25,140.0
93,biscoito,3.39,130g,1,2024,09,25,130.0
84,biscoito,3.29,130g,1,2024,09,25,130.0
5820,biscoito,3.59,150g,1,2024,09,25,150.0
100,biscoito,4.19,160g,1,2024,09,25,160.0
81,biscoito,4.89,160g,1,2024,09,25,160.0
4122,chocolate,7.39,80g,1,2024,09,25,80.0
4050,chocolate,3.39,25g,1,2024,09,25,25.0
3922,chocolate,8.19,85g,1,2024,09,25,85.0
3760,chocolate,3.09,25g,1,2024,09,25,25.0
3753,chocolate,3.39,28g,1,2024,09,25,28.0
3556,chocolate,3.09,25g,1,2024,09,25,25.0
2806,chocolate,3.39,40g,1,2024,09,25,40.0
563,chocolate,7.99,75g,1,2024,09,25,75.0
645,café,6.49,50g,1,2024,09,25,50.0
657,café,6.49,50g,1,2024,09,25,50.0
3551,pastilha,1.59,17g,1,2024,09,25,17.0
4132,chocolate,6.69,80g,1,2024,09,25,80.0
4120,chocolate,7.39,80g,1,2024,09,25,80.0
3923,chocolate,8.19,85g,1,2024,09,25,85.0
2801,chocolate,1.99,16g,1,2024,09,25,16.0
309,chocolate,9.69,114g,1,2024,09,25,114.0
297,chocolate,9.69,114g,1,2024,09,25,114.0
296,chocolate,9.69,117g,1,2024,09,25,117.0
365,receitas,4.59,200g,1,2024,09,25,200.0
3828,cereal,16.49,230g,1,2024,09,25,230.0
263,cereal,6.89,120g,1,2024,09,25,120.0
161,achocolatado,16.69,730g,1,2024,09,25,730.0
3916,biscoito,2.19,57g,1,2024,09,25,57.0
138,biscoito,2.19,57g,1,2024,09,25,57.0
105,biscoito,4.59,110g,1,2024,09,25,110.0
853,bebida,14.49,400g,1,2024,09,25,400.0
2598,suplemento,35.79,350g,1,2024,09,25,350.0
1014,suplemento,148.19,800g,1,2024,09,25,800.0
771,suplemento,91.29,370g,1,2024,09,25,370.0
763,suplemento,81.39,400g,1,2024,09,25,400.0
760,suplemento,35.79,350g,1,2024,09,25,350.0
5498,cereal,14.79,360g,1,2024,09,25,360.0
335,suplemento,64.49,800g,1,2024,09,25,800.0
6461,fórmula,130.39,800g,1,2024,09,25,800.0
6227,snack,4.79,35g,1,2024,09,25,35.0
5489,cereal,8.39,180g,1,2024,09,25,180.0
3898,cereal,42.39,1kg,1,2024,09,25,1000.0
3306,chocolate,9.89,150g,1,2024,09,25,150.0
3065,cereal,8.39,180g,1,2024,09,25,180.0
450,suplemento,46.99,700g,1,2024,09,25,700.0
435,leite,19.49,280g,1,2024,09,25,280.0
404,fórmula,55.39,800g,1,2024,09,25,800.0
6464,fórmula,55.69,800g,1,2024,09,25,800.0
5654,snack,4.99,35g,1,2024,09,25,35.0
443,suplemento,53.99,800g,1,2024,09,25,800.0
438,fórmula,57.89,800g,1,2024,09,25,800.0
576,suplemento,61.99,700g,1,2024,09,25,700.0
439,fórmula,82.99,1.2kg,1,2024,09,25,1200.0
437,fórmula,25.49,260g,1,2024,09,25,260.0
402,fórmula,74.79,1.2kg,1,2024,09,25,1200.0
401,fórmula,55.39,800g,1,2024,09,25,800.0
392,fórmula,78.29,800g,1,2024,09,25,800.0
391,fórmula,71.59,800g,1,2024,09,25,800.0
267,cereal,19.39,400g,1,2024,09,25,400.0
6463,suplemento,67.19,700g,1,2024,09,25,700.0
3899,cereal,42.39,1kg,1,2024,09,25,1000.0
6443,cereal,14.99,450g,1,2024,09,25,450.0
6442,cereal,14.99,450g,1,2024,09,25,450.0
396,fórmula,91.29,800g,1,2024,09,25,800.0
5935,suplemento,59.49,60g,1,2024,09,25,60.0
6680,cereal,12.99,100g,1,2024,09,25,100.0
5499,cereal,13.99,300g,1,2024,09,25,300.0
434,fórmula,19.49,260g,1,2024,09,25,260.0
6228,suplemento,55.39,364g,1,2024,09,25,364.0
3036,suplemento,93.69,800g,1,2024,09,25,800.0
389,fórmula,69.49,800g,1,2024,09,25,800.0
6795,suplemento,64.49,800g,1,2024,09,25,800.0
5500,cereal,14.79,360g,1,2024,09,25,360.0
5497,cereal,13.99,300g,1,2024,09,25,300.0
440,fórmula,31.89,400g,1,2024,09,25,400.0
449,leite,19.49,350g,1,2024,09,25,350.0
959,ração,312.89,7.5kg,1,2024,09,25,7500.0
336,suplemento,88.49,800g,1,2024,09,25,800.0
6600,leite,29.99,350g,1,2024,09,25,350.0
6603,leite,29.99,350g,1,2024,09,25,350.0
448,suplemento,25.49,380g,1,2024,09,25,380.0
6158,chocolate,7.99,90g,1,2024,09,25,90.0
6308,cozinha,130.0,Mug,1,2024,09,25,0.0
6330,café,6.69,40g,1,2024,09,25,40.0
546,cereal,9.99,180g,1,2024,09,25,180.0
272,cereal,9.99,180g,1,2024,09,25,180.0
264,cereal,9.99,180g,1,2024,09,25,180.0
398,fórmula,108.99,800g,1,2024,09,25,800.0
3027,fórmula,93.79,1.2kg,1,2024,09,25,1200.0
548,snack,4.79,35g,1,2024,09,25,35.0
405,fórmula,74.79,1.2kg,1,2024,09,25,1200.0
6722,formula,108.99,800g,1,2024,09,25,800.0
268,cereal,25.99,600g,1,2024,09,25,600.0
407,fórmula,116.99,800g,1,2024,09,25,800.0
176,suplemento,93.69,800g,1,2024,09,25,800.0
5937,suplemento,138.99,300g,1,2024,09,25,300.0
6159,chocolate,7.99,90g,1,2024,09,25,90.0
180,cereal,10.69,170g,1,2024,09,25,170.0
371,receitas,10.69,170g,1,2024,09,25,170.0
181,cereal,12.99,170g,1,2024,09,25,170.0
6462,fórmula,98.29,800g,1,2024,09,25,800.0
278,cereal,25.99,600g,1,2024,09,25,600.0
5491,cereal,8.39,180g,1,2024,09,25,180.0
6160,chocolate,7.99,90g,1,2024,09,25,90.0
